AmericanWell,16778
OpenTable,5490
Xyrality,3066
Ibotta,3964
433,186770
TuneBIDemo,999999
Uber,7336
Twitter,20954
HostelWorld,8816
OLX,189570
TheNewYorkTimes,16948
Mixi,161118
AeriaGames,3080
FutureGames,10468
Gamevil,10034
Nickelodeon,19512
Wargaming,12276
JUSTEAT,189406
OLXIndia,189650
Crowdstar,1693
AirRewardz,189204
MixRadio,178206
TodayTix,14982
Ubisoft,6918
Blizzard,189732
DraftKings,14062
Sephora,17908
OLXAfrica,189872
GiltGroupe,10764
AnastasiaInternational,5470
Recarga,19418
G2A,190159
Xome,182112
Birdman,189920
Dubizzle,189925
SSI,5128
Match,14716
Kabam,885
GoldenFrog,171844
Hotwire,5788
Hotels,186232
Move,13146
Scopely,1835
AmazonUK,188876